{
  "env_name": "ALE/SpaceInvaders-v5",
  "num_episodes": 30,
  "buffer_size": 1000000,
  "batch_size": 32,
  "lr": 0.00025,
  "epsilon": 1.0,
  "gamma": 0.99,
  "episodes_completed": 20,
  "mean_raw_reward": 181.0,
  "total_env_steps": 10698,
  "total_updates": 10666,
  "elapsed_seconds": 696.8376706250128,
  "avg_seconds_per_episode": 34.841883531250645,
  "avg_env_steps_per_second": 15.352212503673446
}